chrom,start,counts
chr1,3,1.0
chr1,4,2.0
chr1,5,3.0
chr1,6,3.0
chr1,7,3.0
chr1,8,3.0
chr1,9,4.0
chr1,10,4.0
chr1,11,4.0
chr1,12,4.0
chr1,13,4.0
chr1,14,5.0
chr1,15,6.0
chr1,16,6.0
chr1,17,7.0
chr1,18,7.0
chr1,19,7.0
chr1,20,7.0
chr1,21,7.0
chr1,22,7.0
chr1,23,7.0
chr1,24,7.0
chr1,25,7.0
chr1,26,7.0
chr1,27,7.0
chr1,28,7.0
chr1,29,7.0
chr1,30,7.0
chr1,31,7.0
chr1,32,7.0
chr1,33,8.0
chr1,34,8.0
chr1,35,8.0
chr1,36,8.0
chr1,37,8.0
chr1,38,8.0
chr1,39,8.0
chr1,40,8.0
chr1,41,9.0
chr1,42,10.0
chr1,43,10.0
chr1,44,11.0
chr1,45,11.0
chr1,46,11.0
chr1,47,11.0
chr1,48,11.0
chr1,49,11.0
chr1,50,11.0
chr1,51,12.0
chr1,52,12.0
chr1,53,12.0
chr1,54,12.0
chr1,55,12.0
chr1,56,13.0
chr1,57,14.0
chr1,58,14.0
chr1,59,14.0
chr1,60,14.0
chr1,61,14.0
chr1,62,14.0
chr1,63,14.0
chr1,64,14.0
chr1,65,15.0
chr1,66,15.0
chr1,67,15.0
chr1,68,15.0
chr1,69,15.0
chr1,70,15.0
chr1,71,16.0
chr1,72,16.0
chr1,73,16.0
chr1,74,16.0
chr1,75,16.0
chr1,76,17.0
chr1,77,18.0
chr1,78,18.0
chr1,79,19.0
chr1,80,19.0
chr1,81,19.0
chr1,82,19.0
chr1,83,19.0
chr1,84,20.0
chr1,85,20.0
chr1,86,20.0
chr1,87,20.0
chr1,88,20.0
chr1,89,20.0
chr1,90,20.0
chr1,91,20.0
chr1,92,20.0
chr1,93,20.0
chr1,94,21.0
chr1,95,21.0
chr1,96,21.0
chr1,97,21.0
chr1,98,21.0
chr1,99,21.0
chr1,100,21.0
chr1,101,21.0
chr1,102,21.0
chr1,103,21.0
chr1,104,21.0
chr1,105,22.0
chr1,106,22.0
chr1,107,23.0
chr1,108,23.0
chr1,109,23.0
chr1,110,23.0
chr1,111,23.0
chr1,112,23.0
chr1,113,23.0
chr1,114,23.0
chr1,115,23.0
chr1,116,23.0
chr1,117,23.0
chr1,118,24.0
chr1,119,24.0
chr1,120,24.0
chr1,121,24.0
chr1,122,25.0
chr1,123,25.0
chr1,124,25.0
chr1,125,25.0
chr1,126,25.0
chr1,127,26.0
chr1,128,26.0
chr1,129,27.0
chr1,130,28.0
chr1,131,28.0
chr1,132,28.0
chr1,133,28.0
chr1,134,28.0
chr1,135,28.0
chr1,136,28.0
chr1,137,29.0
chr1,138,29.0
chr1,139,29.0
chr1,140,29.0
chr1,141,29.0
chr1,142,29.0
chr1,143,29.0
chr1,144,29.0
chr1,145,29.0
chr1,146,29.0
chr1,147,29.0
chr1,148,29.0
chr1,149,29.0
chr1,150,29.0
chr1,151,30.0
chr1,152,30.0
chr1,153,30.0
chr1,154,30.0
chr1,155,30.0
chr1,156,30.0
chr1,157,30.0
chr1,158,31.0
chr1,159,31.0
chr1,160,32.0
chr1,161,32.0
chr1,162,32.0
chr1,163,33.0
chr1,164,34.0
chr1,165,34.0
chr1,166,34.0
chr1,167,34.0
chr1,168,35.0
chr1,169,35.0
chr1,170,36.0
chr1,171,36.0
chr1,172,36.0
chr1,173,37.0
chr1,174,37.0
chr1,175,37.0
chr1,176,37.0
chr1,177,38.0
chr1,178,38.0
chr1,179,38.0
chr1,180,38.0
chr1,181,38.0
chr1,182,38.0
chr1,183,38.0
chr1,184,38.0
chr1,185,38.0
chr1,186,38.0
chr1,187,38.0
chr1,188,38.0
chr1,189,38.0
chr1,190,38.0
chr1,191,38.0
chr1,192,38.0
chr1,193,38.0
chr1,194,39.0
chr2,3,40.0
chr2,4,41.0
chr2,5,41.0
chr2,6,42.0
chr2,7,42.0
chr2,8,42.0
chr2,9,42.0
chr2,10,43.0
chr2,11,43.0
chr2,12,44.0
chr2,13,44.0
chr2,14,44.0
chr2,15,44.0
chr2,16,44.0
chr2,17,44.0
chr2,18,45.0
chr2,19,46.0
chr2,20,47.0
chr2,21,48.0
chr2,22,48.0
chr2,23,48.0
chr2,24,49.0
chr2,25,49.0
chr2,26,49.0
chr2,27,49.0
chr2,28,49.0
chr2,29,49.0
chr2,30,49.0
chr2,31,49.0
chr2,32,49.0
chr2,33,49.0
chr2,34,49.0
chr2,35,49.0
chr2,36,50.0
chr2,37,51.0
chr2,38,51.0
chr2,39,52.0
chr2,40,52.0
chr2,41,52.0
chr2,42,52.0
chr2,43,52.0
chr2,44,52.0
chr2,45,52.0
chr2,46,52.0
chr2,47,52.0
chr2,48,52.0
chr2,49,53.0
chr2,50,54.0
chr2,51,54.0
chr2,52,55.0
chr2,53,56.0
chr2,54,56.0
chr2,55,56.0
chr2,56,56.0
chr2,57,56.0
chr2,58,56.0
chr2,59,57.0
chr2,60,57.0
chr2,61,58.0
chr2,62,58.0
chr2,63,58.0
chr2,64,58.0
chr2,65,58.0
chr2,66,58.0
chr2,67,58.0
chr2,68,58.0
chr2,69,59.0
chr2,70,59.0
chr2,71,59.0
chr2,72,59.0
chr2,73,59.0
chr2,74,59.0
chr2,75,59.0
chr2,76,59.0
chr2,77,59.0
chr2,78,60.0
chr2,79,60.0
chr2,80,60.0
chr2,81,60.0
chr2,82,60.0
chr2,83,60.0
chr2,84,60.0
chr2,85,60.0
chr2,86,60.0
chr2,87,60.0
chr2,88,60.0
chr2,89,60.0
chr2,90,61.0
chr2,91,61.0
chr2,92,61.0
chr2,93,61.0
chr2,94,62.0
chr2,95,62.0
chr2,96,62.0
chr2,97,62.0
chr2,98,62.0
chr2,99,62.0
chr2,100,62.0
chr2,101,62.0
chr2,102,63.0
chr2,103,63.0
chr2,104,63.0
chr2,105,63.0
chr2,106,64.0
chr2,107,64.0
chr2,108,64.0
chr2,109,64.0
chr2,110,64.0
chr2,111,64.0
chr2,112,64.0
chr2,113,64.0
chr2,114,64.0
chr2,115,64.0
chr2,116,64.0
chr2,117,64.0
chr2,118,65.0
chr2,119,65.0
chr2,120,65.0
chr2,121,65.0
chr2,122,66.0
chr2,123,66.0
chr2,124,66.0
chr2,125,66.0
chr2,126,67.0
chr2,127,67.0
chr2,128,67.0
chr2,129,67.0
chr2,130,67.0
chr2,131,67.0
chr2,132,67.0
chr2,133,68.0
chr2,134,68.0
chr2,135,68.0
chr2,136,68.0
chr2,137,68.0
chr2,138,68.0
chr2,139,68.0
chr2,140,68.0
chr2,141,68.0
chr2,142,68.0
chr2,143,68.0
chr2,144,69.0
chr2,145,70.0
chr2,146,71.0
chr2,147,72.0
chr2,148,72.0
chr2,149,72.0
chr2,150,72.0
chr2,151,73.0
chr2,152,73.0
chr2,153,73.0
chr2,154,73.0
chr2,155,73.0
chr2,156,73.0
chr2,157,73.0
chr2,158,73.0
chr2,159,74.0
chr2,160,75.0
chr2,161,76.0
chr2,162,76.0
chr2,163,77.0
chr2,164,77.0
chr2,165,77.0
chr2,166,77.0
chr2,167,77.0
chr2,168,77.0
chr2,169,77.0
chr2,170,77.0
chr2,171,77.0
chr2,172,77.0
chr2,173,77.0
chr2,174,77.0
chr2,178,78.0
chr2,179,78.0
chr2,180,78.0
chr2,181,78.0
chr3,3,79.0
chr3,4,79.0
chr3,5,79.0
chr3,6,79.0
chr3,7,79.0
chr3,8,80.0
chr3,9,80.0
chr3,10,80.0
chr3,11,81.0
chr3,12,81.0
chr3,13,81.0
chr3,14,81.0
chr3,15,81.0
chr3,16,81.0
chr3,17,81.0
chr3,18,81.0
chr3,19,82.0
chr3,20,83.0
chr3,21,83.0
chr3,22,83.0
chr3,23,83.0
chr3,24,83.0
chr3,25,83.0
chr3,26,83.0
chr3,27,84.0
chr3,28,84.0
chr3,29,85.0
chr3,30,86.0
chr3,31,86.0
chr3,32,86.0
chr3,33,86.0
chr3,34,86.0
chr3,35,86.0
chr3,36,86.0
chr3,37,86.0
chr3,38,87.0
chr3,39,87.0
chr3,40,88.0
chr3,41,88.0
chr3,42,89.0
chr3,43,89.0
chr3,44,89.0
chr3,45,89.0
chr3,46,89.0
chr3,47,89.0
chr3,48,89.0
chr3,49,89.0
chr3,50,89.0
chr3,51,90.0
chr3,52,90.0
chr3,53,90.0
chr3,54,90.0
chr3,55,90.0
chr3,56,91.0
chr3,57,92.0
chr3,58,92.0
chr3,59,93.0
chr3,60,93.0
chr3,61,93.0
chr3,62,93.0
chr3,63,93.0
chr3,64,93.0
chr3,65,94.0
chr3,66,95.0
chr3,67,95.0
chr3,68,96.0
chr3,69,96.0
chr3,70,97.0
chr3,71,97.0
chr3,72,97.0
chr3,73,97.0
chr3,74,97.0
chr3,75,97.0
chr3,76,97.0
chr3,77,97.0
chr3,78,97.0
chr3,79,98.0
chr3,80,99.0
chr3,81,99.0
chr3,82,99.0
chr3,83,100.0
chr3,84,100.0
chr3,85,100.0
chr3,86,100.0
chr3,87,100.0
chr3,88,100.0
chr3,89,100.0
chr3,90,100.0
chr3,91,101.0
chr3,92,101.0
chr3,93,101.0
chr3,94,102.0
chr3,95,102.0
chr3,96,102.0
chr3,97,102.0
chr3,98,102.0
chr3,99,103.0
chr3,100,104.0
chr3,101,104.0
chr3,102,104.0
chr3,103,104.0
chr3,104,104.0
chr3,105,104.0
chr3,106,105.0
chr3,107,106.0
chr3,108,106.0
chr3,109,107.0
chr3,110,107.0
chr3,111,107.0
chr3,112,107.0
chr3,113,107.0
chr3,114,107.0
chr3,115,107.0
chr3,116,108.0
chr3,117,109.0
chr3,118,109.0
chr3,119,109.0
chr3,120,109.0
chr3,121,110.0
chr3,122,110.0
chr3,123,110.0
chr3,124,111.0
chr3,125,111.0
chr3,126,111.0
chr3,127,112.0
chr3,128,113.0
chr3,129,114.0
chr3,130,114.0
chr3,131,114.0
chr3,132,115.0
chr3,133,115.0
chr3,134,115.0
chr3,135,116.0
chr3,136,117.0
chr3,137,117.0
chr3,138,118.0
chr3,139,119.0
chr3,140,119.0
chr3,141,119.0
chr3,142,119.0
chr3,143,119.0
chr3,144,120.0
chr3,145,120.0
chr3,146,120.0
chr3,147,121.0
chr3,148,121.0
chr3,149,121.0
chr3,150,121.0
chr3,151,121.0
chr3,152,122.0
chr3,153,122.0
chr3,154,123.0
chr3,155,123.0
chr3,156,123.0
chr3,157,123.0
chr3,158,123.0
chr3,159,123.0
chr4,3,124.0
chr4,4,125.0
chr4,5,125.0
chr4,6,125.0
chr4,7,125.0
chr4,8,126.0
chr4,9,126.0
chr4,10,126.0
chr4,11,126.0
chr4,12,127.0
chr4,13,127.0
chr4,14,127.0
chr4,15,127.0
chr4,16,127.0
chr4,17,127.0
chr4,18,127.0
chr4,19,127.0
chr4,20,127.0
chr4,21,127.0
chr4,22,127.0
chr4,23,127.0
chr4,24,127.0
chr4,25,127.0
chr4,26,127.0
chr4,27,127.0
chr4,28,127.0
chr4,29,127.0
chr4,30,127.0
chr4,31,127.0
chr4,32,128.0
chr4,33,128.0
chr4,34,128.0
chr4,35,129.0
chr4,36,129.0
chr4,37,129.0
chr4,38,129.0
chr4,39,129.0
chr4,40,130.0
chr4,41,130.0
chr4,43,131.0
chr4,44,131.0
chr4,45,131.0
chr4,46,131.0
chr4,47,131.0
chr4,48,131.0
chr4,49,132.0
chr4,50,132.0
chr4,51,132.0
chr4,52,132.0
chr4,53,133.0
chr4,54,134.0
chr4,55,135.0
chr4,56,135.0
chr4,57,135.0
chr4,58,135.0
chr4,59,135.0
chr4,62,136.0
chr4,63,137.0
chr4,64,137.0
chr4,65,137.0
chr4,66,137.0
chr4,67,137.0
chr4,68,137.0
chr4,69,137.0
chr4,70,137.0
chr4,71,137.0
chr4,72,137.0
chr4,73,137.0
chr4,74,137.0
chr4,75,137.0
chr4,76,137.0
chr4,77,137.0
chr4,78,137.0
chr4,79,137.0
chr4,80,137.0
chr4,81,137.0
chr4,82,137.0
chr4,83,138.0
chr4,84,139.0
chr4,85,139.0
chr4,86,140.0
chr4,87,141.0
chr4,88,141.0
chr4,89,141.0
chr4,90,141.0
chr4,91,141.0
chr4,92,141.0
chr4,93,141.0
chr4,94,141.0
chr4,95,141.0
chr4,96,141.0
chr4,97,141.0
chr4,98,141.0
chr4,99,142.0
chr4,100,143.0
chr4,101,144.0
chr4,102,145.0
chr4,103,145.0
chr4,104,145.0
chr4,105,145.0
chr4,106,146.0
chr4,107,146.0
chr4,108,146.0
chr4,109,146.0
chr4,110,147.0
chr4,111,147.0
chr4,114,148.0
chr4,115,148.0
chr4,116,149.0
chr4,117,149.0
chr4,118,149.0
chr4,119,149.0
chr4,120,149.0
chr4,121,150.0
chr4,122,150.0
chr4,123,151.0
chr4,124,151.0
chr4,125,151.0
chr4,126,151.0
chr4,127,151.0
chr4,128,151.0
chr4,129,151.0
chr4,130,151.0
chr4,131,151.0
chr4,132,151.0
chr4,133,151.0
chr4,134,151.0
chr4,135,151.0
chr4,136,151.0
chr4,137,151.0
chr4,138,151.0
chr4,139,151.0
chr4,140,151.0
chr4,141,151.0
chr4,142,151.0
chr4,143,152.0
chr4,144,152.0
chr4,145,153.0
chr4,147,154.0
chr4,148,154.0
chr4,149,154.0
chr4,150,154.0
chr4,151,154.0
chr4,152,154.0
chr4,153,154.0
chr4,154,154.0
chr4,155,154.0
chr5,3,155.0
chr5,4,156.0
chr5,5,156.0
chr5,6,156.0
chr5,7,156.0
chr5,8,156.0
chr5,9,156.0
chr5,10,156.0
chr5,12,157.0
chr5,13,157.0
chr5,14,157.0
chr5,15,157.0
chr5,16,157.0
chr5,17,157.0
chr5,18,157.0
chr5,19,157.0
chr5,20,157.0
chr5,21,158.0
chr5,22,159.0
chr5,23,160.0
chr5,24,160.0
chr5,25,160.0
chr5,26,161.0
chr5,27,162.0
chr5,28,162.0
chr5,29,162.0
chr5,30,162.0
chr5,31,162.0
chr5,32,162.0
chr5,33,162.0
chr5,34,162.0
chr5,35,162.0
chr5,36,162.0
chr5,37,162.0
chr5,38,163.0
chr5,39,163.0
chr5,40,163.0
chr5,41,163.0
chr5,42,163.0
chr5,43,163.0
chr5,44,163.0
chr5,45,163.0
chr5,46,163.0
chr5,47,163.0
chr5,48,163.0
chr5,49,163.0
chr5,50,163.0
chr5,51,163.0
chr5,52,164.0
chr5,53,164.0
chr5,54,165.0
chr5,55,165.0
chr5,56,165.0
chr5,57,165.0
chr5,58,165.0
chr5,59,165.0
chr5,60,165.0
chr5,61,165.0
chr5,62,165.0
chr5,63,165.0
chr5,64,166.0
chr5,65,166.0
chr5,66,166.0
chr5,67,166.0
chr5,68,167.0
chr5,69,167.0
chr5,70,167.0
chr5,71,167.0
chr5,72,167.0
chr5,73,168.0
chr5,74,168.0
chr5,75,168.0
chr5,76,168.0
chr5,77,169.0
chr5,78,169.0
chr5,79,169.0
chr5,80,169.0
chr5,81,169.0
chr5,82,169.0
chr5,83,169.0
chr5,84,169.0
chr5,85,169.0
chr5,86,169.0
chr5,87,169.0
chr5,88,169.0
chr5,89,169.0
chr5,90,169.0
chr5,91,169.0
chr5,92,170.0
chr5,93,171.0
chr5,96,172.0
chr5,97,172.0
chr5,98,172.0
chr5,99,172.0
chr5,100,173.0
chr5,101,174.0
chr5,102,174.0
chr5,103,175.0
chr5,104,176.0
chr5,105,177.0
chr5,106,177.0
chr5,107,177.0
chr5,108,177.0
chr5,109,178.0
chr5,110,179.0
chr5,111,179.0
chr5,112,179.0
chr5,113,179.0
chr5,114,179.0
chr5,115,179.0
chr5,116,179.0
chr5,117,179.0
chr5,118,179.0
chr5,119,179.0
chr5,120,179.0
chr5,121,179.0
chr5,122,179.0
chr5,123,179.0
chr5,124,179.0
chr5,125,179.0
chr5,126,180.0
chr5,127,181.0
chr5,128,181.0
chr5,129,181.0
chr5,130,181.0
chr5,131,181.0
chr5,132,182.0
chr5,133,182.0
chr5,134,183.0
chr5,135,183.0
chr5,136,183.0
chr5,137,183.0
chr5,138,183.0
chr5,139,183.0
chr5,140,183.0
chr5,141,183.0
chr5,142,183.0
chr5,143,183.0
chr5,144,183.0
chr5,145,184.0
chr5,146,184.0
chr5,147,185.0
chr5,148,185.0
chr5,149,185.0
chr5,150,185.0
chr5,151,186.0
chr6,3,187.0
chr6,4,188.0
chr6,5,188.0
chr6,6,188.0
chr6,7,189.0
chr6,8,189.0
chr6,9,189.0
chr6,10,189.0
chr6,11,189.0
chr6,12,189.0
chr6,13,189.0
chr6,14,189.0
chr6,15,189.0
chr6,16,189.0
chr6,17,189.0
chr6,18,189.0
chr6,19,189.0
chr6,20,189.0
chr6,21,189.0
chr6,22,189.0
chr6,23,189.0
chr6,24,189.0
chr6,25,189.0
chr6,26,189.0
chr6,27,189.0
chr6,28,190.0
chr6,29,190.0
chr6,30,190.0
chr6,31,190.0
chr6,32,190.0
chr6,33,190.0
chr6,34,190.0
chr6,35,190.0
chr6,36,191.0
chr6,37,192.0
chr6,38,192.0
chr6,39,192.0
chr6,40,193.0
chr6,41,193.0
chr6,42,193.0
chr6,43,193.0
chr6,44,193.0
chr6,45,193.0
chr6,46,193.0
chr6,47,194.0
chr6,48,194.0
chr6,49,194.0
chr6,50,194.0
chr6,51,194.0
chr6,52,194.0
chr6,53,194.0
chr6,54,194.0
chr6,55,194.0
chr6,56,195.0
chr6,57,195.0
chr6,58,195.0
chr6,59,195.0
chr6,60,195.0
chr6,61,195.0
chr6,62,195.0
chr6,63,195.0
chr6,64,195.0
chr6,65,195.0
chr6,66,195.0
chr6,67,196.0
chr6,70,197.0
chr6,71,198.0
chr6,72,198.0
chr6,73,199.0
chr6,81,200.0
chr6,82,201.0
chr6,83,201.0
chr6,84,201.0
chr6,85,201.0
chr6,86,201.0
chr6,87,201.0
chr6,88,201.0
chr6,89,201.0
chr6,90,201.0
chr6,91,201.0
chr6,92,201.0
chr6,93,201.0
chr6,94,201.0
chr6,95,202.0
chr6,96,202.0
chr6,97,203.0
chr6,98,204.0
chr6,99,205.0
chr6,100,205.0
chr6,101,206.0
chr6,102,206.0
chr6,103,206.0
chr6,104,206.0
chr6,105,206.0
chr6,106,206.0
chr6,107,206.0
chr6,108,207.0
chr6,109,208.0
chr6,110,208.0
chr6,111,208.0
chr6,112,209.0
chr6,113,209.0
chr6,114,209.0
chr6,115,209.0
chr6,116,209.0
chr6,117,209.0
chr6,118,209.0
chr6,119,209.0
chr6,120,209.0
chr6,121,209.0
chr6,122,209.0
chr6,123,210.0
chr6,124,211.0
chr6,125,211.0
chr6,126,211.0
chr6,127,211.0
chr6,128,211.0
chr6,129,212.0
chr6,130,212.0
chr6,131,212.0
chr6,132,212.0
chr6,133,212.0
chr6,134,213.0
chr6,135,213.0
chr6,136,213.0
chr6,137,213.0
chr6,138,214.0
chr6,139,214.0
chr6,140,214.0
chr6,141,214.0
chr6,142,214.0
chr6,143,214.0
chr6,144,214.0
chr6,145,215.0
chr6,146,215.0
chr6,147,215.0
chr6,148,215.0
chr6,149,215.0
chr7,3,216.0
chr7,4,216.0
chr7,5,217.0
chr7,6,218.0
chr7,12,219.0
chr7,13,220.0
chr7,14,220.0
chr7,16,221.0
chr7,17,222.0
chr7,18,223.0
chr7,19,223.0
chr7,24,224.0
chr7,25,224.0
chr7,26,224.0
chr7,27,224.0
chr7,28,224.0
chr7,29,224.0
chr7,30,224.0
chr7,31,225.0
chr7,33,226.0
chr7,34,227.0
chr7,35,227.0
chr7,36,227.0
chr7,37,227.0
chr7,38,227.0
chr7,39,228.0
chr7,40,228.0
chr7,41,228.0
chr7,42,228.0
chr7,43,229.0
chr7,44,229.0
chr7,45,229.0
chr7,46,229.0
chr7,47,230.0
chr7,48,230.0
chr7,49,231.0
chr7,50,232.0
chr7,51,232.0
chr7,52,232.0
chr7,53,232.0
chr7,54,232.0
chr7,55,232.0
chr7,56,232.0
chr7,57,232.0
chr7,58,232.0
chr7,60,233.0
chr7,61,233.0
chr7,62,233.0
chr7,63,233.0
chr7,64,234.0
chr7,65,234.0
chr7,66,234.0
chr7,67,234.0
chr7,68,235.0
chr7,69,235.0
chr7,70,235.0
chr7,71,235.0
chr7,72,235.0
chr7,73,236.0
chr7,74,237.0
chr7,75,237.0
chr7,76,237.0
chr7,77,237.0
chr7,78,237.0
chr7,79,238.0
chr7,80,238.0
chr7,81,238.0
chr7,82,238.0
chr7,83,239.0
chr7,84,239.0
chr7,85,239.0
chr7,86,239.0
chr7,87,239.0
chr7,88,239.0
chr7,89,239.0
chr7,90,239.0
chr7,91,239.0
chr7,92,239.0
chr7,93,239.0
chr7,94,239.0
chr7,95,239.0
chr7,96,239.0
chr7,97,240.0
chr7,98,240.0
chr7,99,240.0
chr7,100,240.0
chr7,101,240.0
chr7,102,241.0
chr7,103,241.0
chr7,104,241.0
chr7,105,241.0
chr7,106,241.0
chr7,107,241.0
chr7,108,241.0
chr7,109,242.0
chr7,110,242.0
chr7,111,243.0
chr7,112,244.0
chr7,113,244.0
chr7,114,245.0
chr7,115,245.0
chr7,116,245.0
chr7,117,245.0
chr7,118,246.0
chr7,119,247.0
chr7,120,248.0
chr7,121,248.0
chr7,122,248.0
chr7,123,248.0
chr7,124,249.0
chr7,125,250.0
chr7,126,250.0
chr7,127,250.0
chr7,128,250.0
chr7,129,251.0
chr7,130,252.0
chr7,131,252.0
chr7,132,252.0
chr7,133,252.0
chr7,134,253.0
chr7,135,253.0
chr7,136,253.0
chr7,137,253.0
chr7,138,254.0
chr7,139,254.0
chr7,140,254.0
chr7,141,254.0
chr7,142,254.0
chr7,143,254.0
chr7,144,254.0
chr8,3,255.0
chr8,4,256.0
chr8,5,256.0
chr8,6,256.0
chr8,7,256.0
chr8,8,256.0
chr8,9,256.0
chr8,10,256.0
chr8,11,257.0
chr8,12,257.0
chr8,13,257.0
chr8,14,257.0
chr8,15,258.0
chr8,16,258.0
chr8,17,258.0
chr8,18,258.0
chr8,19,258.0
chr8,22,259.0
chr8,23,259.0
chr8,24,259.0
chr8,25,259.0
chr8,26,259.0
chr8,27,260.0
chr8,28,260.0
chr8,29,260.0
chr8,30,260.0
chr8,31,260.0
chr8,32,260.0
chr8,33,261.0
chr8,34,261.0
chr8,35,262.0
chr8,36,262.0
chr8,37,262.0
chr8,38,262.0
chr8,39,262.0
chr8,40,262.0
chr8,41,262.0
chr8,42,262.0
chr8,43,262.0
chr8,44,262.0
chr8,45,262.0
chr8,46,263.0
chr8,47,263.0
chr8,48,264.0
chr8,49,264.0
chr8,50,264.0
chr8,51,264.0
chr8,52,264.0
chr8,53,264.0
chr8,54,264.0
chr8,55,264.0
chr8,56,264.0
chr8,57,264.0
chr8,58,264.0
chr8,59,264.0
chr8,60,264.0
chr8,61,264.0
chr8,62,264.0
chr8,63,264.0
chr8,64,264.0
chr8,65,264.0
chr8,66,264.0
chr8,67,264.0
chr8,68,264.0
chr8,69,265.0
chr8,70,265.0
chr8,71,265.0
chr8,72,265.0
chr8,73,266.0
chr8,74,266.0
chr8,75,266.0
chr8,76,266.0
chr8,77,266.0
chr8,78,267.0
chr8,79,267.0
chr8,80,268.0
chr8,81,268.0
chr8,82,268.0
chr8,83,269.0
chr8,84,269.0
chr8,85,269.0
chr8,86,269.0
chr8,87,269.0
chr8,88,269.0
chr8,89,269.0
chr8,90,269.0
chr8,91,269.0
chr8,92,269.0
chr8,93,269.0
chr8,94,269.0
chr8,95,269.0
chr8,96,270.0
chr8,97,270.0
chr8,98,270.0
chr8,99,270.0
chr8,100,270.0
chr8,101,270.0
chr8,102,270.0
chr8,103,270.0
chr8,104,271.0
chr8,105,271.0
chr8,106,271.0
chr8,107,271.0
chr8,108,271.0
chr8,109,271.0
chr8,110,271.0
chr8,111,271.0
chr8,112,272.0
chr8,113,272.0
chr8,114,273.0
chr8,115,274.0
chr8,116,275.0
chr8,117,275.0
chr8,118,275.0
chr8,119,275.0
chr8,120,275.0
chr8,121,275.0
chr8,122,275.0
chr8,123,275.0
chr8,124,275.0
chr8,125,275.0
chr8,126,275.0
chr8,127,275.0
chr8,128,276.0
chr9,3,277.0
chr9,4,277.0
chr9,5,277.0
chr9,6,277.0
chr9,7,277.0
chr9,8,277.0
chr9,9,277.0
chr9,10,277.0
chr9,11,277.0
chr9,12,277.0
chr9,13,277.0
chr9,14,278.0
chr9,15,279.0
chr9,16,279.0
chr9,17,279.0
chr9,18,279.0
chr9,19,279.0
chr9,20,280.0
chr9,21,280.0
chr9,22,280.0
chr9,23,281.0
chr9,24,281.0
chr9,25,281.0
chr9,26,281.0
chr9,27,281.0
chr9,28,281.0
chr9,29,281.0
chr9,30,281.0
chr9,31,282.0
chr9,32,283.0
chr9,33,283.0
chr9,34,283.0
chr9,35,283.0
chr9,36,283.0
chr9,37,283.0
chr9,38,283.0
chr9,39,283.0
chr9,40,284.0
chr9,41,284.0
chr9,42,284.0
chr9,43,284.0
chr9,44,284.0
chr9,45,284.0
chr9,46,284.0
chr9,47,284.0
chr9,48,284.0
chr9,49,284.0
chr9,50,284.0
chr9,51,285.0
chr9,52,285.0
chr9,53,286.0
chr9,54,286.0
chr9,55,286.0
chr9,56,286.0
chr9,57,286.0
chr9,58,286.0
chr9,59,286.0
chr9,60,286.0
chr9,61,286.0
chr9,62,286.0
chr9,63,286.0
chr9,64,286.0
chr9,65,286.0
chr9,66,286.0
chr9,67,286.0
chr9,68,287.0
chr9,69,288.0
chr9,70,288.0
chr9,71,288.0
chr9,72,288.0
chr9,73,289.0
chr9,74,289.0
chr9,75,290.0
chr9,76,291.0
chr9,77,291.0
chr9,78,292.0
chr9,79,293.0
chr9,80,293.0
chr9,81,293.0
chr9,82,293.0
chr9,83,293.0
chr9,84,293.0
chr9,85,293.0
chr9,86,293.0
chr9,87,293.0
chr9,88,293.0
chr9,89,293.0
chr9,90,293.0
chr9,91,293.0
chr9,92,293.0
chr9,93,293.0
chr9,94,293.0
chr9,95,293.0
chr9,96,294.0
chr9,97,295.0
chr9,98,296.0
chr9,99,296.0
chr9,100,297.0
chr9,101,297.0
chr9,102,298.0
chr9,103,298.0
chr9,104,298.0
chr9,105,298.0
chr9,106,298.0
chr9,107,298.0
chr9,108,298.0
chr9,109,298.0
chr9,110,298.0
chr9,111,298.0
chr9,112,299.0
chr9,113,299.0
chr9,114,300.0
chr9,115,300.0
chr9,116,301.0
chr9,117,301.0
chr9,118,302.0
chr9,119,302.0
chr9,120,302.0
chr9,121,302.0
chr9,122,302.0
chr9,123,302.0
chr10,3,303.0
chr10,4,304.0
chr10,5,305.0
chr10,6,305.0
chr10,7,306.0
chr10,8,306.0
chr10,9,307.0
chr10,10,307.0
chr10,11,307.0
chr10,12,308.0
chr10,13,308.0
chr10,14,309.0
chr10,15,309.0
chr10,16,309.0
chr10,17,309.0
chr10,18,310.0
chr10,19,310.0
chr10,20,310.0
chr10,21,310.0
chr10,22,310.0
chr10,23,310.0
chr10,24,310.0
chr10,25,310.0
chr10,26,311.0
chr10,27,311.0
chr10,28,311.0
chr10,29,311.0
chr10,30,311.0
chr10,31,311.0
chr10,32,311.0
chr10,33,311.0
chr10,34,311.0
chr10,35,311.0
chr10,36,311.0
chr10,37,311.0
chr10,38,311.0
chr10,39,312.0
chr10,40,312.0
chr10,41,312.0
chr10,42,312.0
chr10,43,312.0
chr10,44,312.0
chr10,45,313.0
chr10,46,313.0
chr10,47,313.0
chr10,48,313.0
chr10,49,313.0
chr10,50,313.0
chr10,51,313.0
chr10,52,313.0
chr10,53,313.0
chr10,54,313.0
chr10,55,313.0
chr10,56,313.0
chr10,57,313.0
chr10,58,314.0
chr10,59,314.0
chr10,60,314.0
chr10,61,314.0
chr10,62,314.0
chr10,63,314.0
chr10,64,315.0
chr10,65,315.0
chr10,66,315.0
chr10,67,316.0
chr10,68,316.0
chr10,69,316.0
chr10,70,316.0
chr10,71,317.0
chr10,72,317.0
chr10,73,317.0
chr10,74,317.0
chr10,75,318.0
chr10,76,318.0
chr10,77,318.0
chr10,78,318.0
chr10,79,318.0
chr10,80,318.0
chr10,81,318.0
chr10,82,318.0
chr10,83,318.0
chr10,84,318.0
chr10,85,318.0
chr10,86,318.0
chr10,87,319.0
chr10,88,320.0
chr10,89,321.0
chr10,90,321.0
chr10,91,321.0
chr10,92,321.0
chr10,93,322.0
chr10,94,322.0
chr10,95,322.0
chr10,96,323.0
chr10,97,323.0
chr10,98,323.0
chr10,99,323.0
chr10,100,323.0
chr10,101,323.0
chr10,102,323.0
chr10,103,323.0
chr10,104,323.0
chr10,105,323.0
chr10,106,323.0
chr10,107,323.0
chr10,108,323.0
chr10,109,323.0
chr10,110,323.0
chr10,111,324.0
chr10,112,325.0
chr10,113,325.0
chr10,114,325.0
chr10,115,325.0
chr10,116,326.0
chr10,117,326.0
chr10,118,326.0
chr10,119,326.0
chr10,120,326.0
chr10,121,326.0
chr10,122,327.0
chr10,123,327.0
chr10,124,327.0
chr10,125,327.0
chr10,126,327.0
chr10,127,328.0
chr10,128,328.0
chr10,129,329.0
chr10,130,329.0
chr11,3,330.0
chr11,4,330.0
chr11,5,330.0
chr11,6,330.0
chr11,7,331.0
chr11,8,331.0
chr11,9,331.0
chr11,10,331.0
chr11,11,331.0
chr11,12,331.0
chr11,13,331.0
chr11,14,331.0
chr11,15,331.0
chr11,16,331.0
chr11,17,331.0
chr11,18,331.0
chr11,19,331.0
chr11,20,332.0
chr11,21,333.0
chr11,22,334.0
chr11,23,334.0
chr11,24,335.0
chr11,25,335.0
chr11,26,335.0
chr11,27,335.0
chr11,28,335.0
chr11,29,335.0
chr11,30,335.0
chr11,31,335.0
chr11,32,336.0
chr11,33,336.0
chr11,34,337.0
chr11,35,337.0
chr11,36,337.0
chr11,37,337.0
chr11,38,337.0
chr11,39,337.0
chr11,40,337.0
chr11,41,337.0
chr11,42,337.0
chr11,43,337.0
chr11,44,337.0
chr11,45,337.0
chr11,46,337.0
chr11,47,337.0
chr11,48,337.0
chr11,49,337.0
chr11,50,338.0
chr11,51,338.0
chr11,52,338.0
chr11,53,338.0
chr11,54,338.0
chr11,55,339.0
chr11,56,339.0
chr11,57,339.0
chr11,58,340.0
chr11,59,340.0
chr11,60,340.0
chr11,61,340.0
chr11,62,340.0
chr11,63,341.0
chr11,64,341.0
chr11,65,341.0
chr11,66,341.0
chr11,67,341.0
chr11,68,342.0
chr11,69,342.0
chr11,70,342.0
chr11,71,343.0
chr11,72,344.0
chr11,73,345.0
chr11,74,346.0
chr11,75,346.0
chr11,76,346.0
chr11,77,346.0
chr11,78,346.0
chr11,79,346.0
chr11,80,346.0
chr11,81,347.0
chr11,82,348.0
chr11,83,348.0
chr11,84,348.0
chr11,85,348.0
chr11,86,348.0
chr11,87,348.0
chr11,88,348.0
chr11,89,349.0
chr11,90,349.0
chr11,91,349.0
chr11,92,349.0
chr11,93,349.0
chr11,94,350.0
chr11,95,350.0
chr11,96,350.0
chr11,97,350.0
chr11,98,350.0
chr11,99,350.0
chr11,100,350.0
chr11,101,350.0
chr11,102,350.0
chr11,103,350.0
chr11,104,350.0
chr11,105,351.0
chr11,106,352.0
chr11,107,352.0
chr11,108,353.0
chr11,109,353.0
chr11,110,353.0
chr11,111,353.0
chr11,112,353.0
chr11,113,353.0
chr11,114,354.0
chr11,115,354.0
chr11,116,354.0
chr11,117,354.0
chr11,118,354.0
chr11,119,354.0
chr11,120,354.0
chr11,121,354.0
chr12,3,355.0
chr12,4,355.0
chr12,5,356.0
chr12,6,356.0
chr12,7,356.0
chr12,8,357.0
chr12,9,358.0
chr12,10,358.0
chr12,11,358.0
chr12,12,359.0
chr12,13,359.0
chr12,14,360.0
chr12,15,360.0
chr12,16,361.0
chr12,17,361.0
chr12,21,362.0
chr12,24,363.0
chr12,25,363.0
chr12,26,364.0
chr12,27,364.0
chr12,28,365.0
chr12,29,365.0
chr12,30,366.0
chr12,31,367.0
chr12,32,367.0
chr12,33,367.0
chr12,34,368.0
chr12,35,368.0
chr12,36,368.0
chr12,37,368.0
chr12,38,368.0
chr12,39,368.0
chr12,40,369.0
chr12,41,370.0
chr12,42,370.0
chr12,43,370.0
chr12,44,370.0
chr12,45,370.0
chr12,46,370.0
chr12,47,370.0
chr12,48,370.0
chr12,49,370.0
chr12,50,370.0
chr12,51,371.0
chr12,52,371.0
chr12,53,372.0
chr12,54,373.0
chr12,55,373.0
chr12,56,374.0
chr12,57,374.0
chr12,58,374.0
chr12,59,374.0
chr12,60,374.0
chr12,61,374.0
chr12,62,374.0
chr12,63,374.0
chr12,64,374.0
chr12,65,374.0
chr12,66,374.0
chr12,67,374.0
chr12,68,374.0
chr12,69,375.0
chr12,70,375.0
chr12,71,375.0
chr12,72,375.0
chr12,73,375.0
chr12,74,376.0
chr12,75,377.0
chr12,76,377.0
chr12,77,378.0
chr12,78,378.0
chr12,79,379.0
chr12,80,379.0
chr12,81,379.0
chr12,82,379.0
chr12,83,379.0
chr12,84,379.0
chr12,85,379.0
chr12,86,379.0
chr12,87,379.0
chr12,88,380.0
chr12,89,380.0
chr12,90,380.0
chr12,91,380.0
chr12,92,380.0
chr12,93,380.0
chr12,94,380.0
chr12,95,380.0
chr12,96,380.0
chr12,97,380.0
chr12,98,380.0
chr12,99,381.0
chr12,100,381.0
chr12,101,382.0
chr12,102,383.0
chr12,103,383.0
chr12,104,383.0
chr12,105,383.0
chr12,106,383.0
chr12,107,383.0
chr12,108,383.0
chr12,109,383.0
chr12,110,383.0
chr12,111,383.0
chr12,112,383.0
chr12,113,384.0
chr12,114,384.0
chr12,115,384.0
chr12,116,384.0
chr12,117,385.0
chr12,118,386.0
chr12,119,386.0
chr13,3,387.0
chr13,4,387.0
chr13,5,387.0
chr13,6,387.0
chr13,7,387.0
chr13,8,387.0
chr13,9,388.0
chr13,10,389.0
chr13,11,389.0
chr13,12,389.0
chr13,13,389.0
chr13,14,389.0
chr13,15,389.0
chr13,16,389.0
chr13,17,389.0
chr13,18,389.0
chr13,19,390.0
chr13,20,390.0
chr13,21,390.0
chr13,22,391.0
chr13,23,392.0
chr13,24,392.0
chr13,25,393.0
chr13,26,393.0
chr13,27,393.0
chr13,28,393.0
chr13,29,394.0
chr13,30,394.0
chr13,31,395.0
chr13,32,395.0
chr13,33,395.0
chr13,34,396.0
chr13,35,396.0
chr13,36,396.0
chr13,37,396.0
chr13,38,396.0
chr13,39,397.0
chr13,40,398.0
chr13,41,398.0
chr13,42,398.0
chr13,43,398.0
chr13,44,398.0
chr13,45,398.0
chr13,46,398.0
chr13,47,398.0
chr13,48,398.0
chr13,49,398.0
chr13,50,398.0
chr13,51,398.0
chr13,52,398.0
chr13,53,398.0
chr13,54,398.0
chr13,55,398.0
chr13,56,398.0
chr13,57,398.0
chr13,58,398.0
chr13,59,398.0
chr13,60,398.0
chr13,61,399.0
chr13,62,400.0
chr13,63,400.0
chr13,64,400.0
chr13,67,401.0
chr13,68,402.0
chr13,69,402.0
chr13,70,402.0
chr13,71,402.0
chr13,72,402.0
chr13,73,403.0
chr13,74,404.0
chr13,75,404.0
chr13,76,404.0
chr13,77,404.0
chr13,78,404.0
chr13,79,404.0
chr13,80,404.0
chr13,81,404.0
chr13,82,404.0
chr13,83,404.0
chr13,84,404.0
chr13,85,404.0
chr13,86,404.0
chr13,87,404.0
chr13,88,404.0
chr13,89,404.0
chr13,90,404.0
chr13,91,404.0
chr13,92,404.0
chr13,93,405.0
chr13,94,405.0
chr13,95,405.0
chr13,96,405.0
chr13,97,405.0
chr13,98,405.0
chr13,99,405.0
chr13,100,405.0
chr13,101,406.0
chr13,102,406.0
chr13,103,406.0
chr13,104,406.0
chr13,105,406.0
chr13,106,406.0
chr13,107,406.0
chr13,108,406.0
chr13,109,406.0
chr13,110,406.0
chr13,111,406.0
chr13,112,407.0
chr13,113,407.0
chr13,114,408.0
chr13,115,408.0
chr13,116,408.0
chr13,117,408.0
chr13,118,408.0
chr13,119,408.0
chr14,8,409.0
chr14,9,409.0
chr14,10,409.0
chr14,11,409.0
chr14,12,409.0
chr14,13,409.0
chr14,14,409.0
chr14,15,409.0
chr14,16,409.0
chr14,17,409.0
chr14,18,409.0
chr14,19,409.0
chr14,20,409.0
chr14,21,409.0
chr14,22,409.0
chr14,23,409.0
chr14,24,409.0
chr14,25,409.0
chr14,26,409.0
chr14,27,409.0
chr14,28,409.0
chr14,29,409.0
chr14,30,409.0
chr14,31,409.0
chr14,32,409.0
chr14,33,409.0
chr14,34,409.0
chr14,35,409.0
chr14,36,409.0
chr14,37,409.0
chr14,38,409.0
chr14,39,409.0
chr14,40,409.0
chr14,44,410.0
chr14,45,410.0
chr14,46,410.0
chr14,47,410.0
chr14,48,410.0
chr14,49,410.0
chr14,50,410.0
chr14,51,410.0
chr14,52,410.0
chr14,53,410.0
chr14,54,410.0
chr14,55,410.0
chr14,56,410.0
chr14,57,410.0
chr14,58,410.0
chr14,59,410.0
chr14,60,410.0
chr14,61,410.0
chr14,62,410.0
chr14,63,410.0
chr14,64,410.0
chr14,65,410.0
chr14,66,410.0
chr14,67,410.0
chr14,68,410.0
chr14,69,410.0
chr14,70,410.0
chr14,71,410.0
chr14,72,410.0
chr14,73,410.0
chr14,74,410.0
chr14,75,410.0
chr14,76,410.0
chr14,77,410.0
chr14,78,410.0
chr14,79,410.0
chr14,80,410.0
chr14,81,410.0
chr14,82,410.0
chr14,83,410.0
chr14,84,410.0
chr14,85,410.0
chr14,86,410.0
chr14,87,410.0
chr14,88,410.0
chr14,89,410.0
chr14,90,410.0
chr14,91,410.0
chr14,92,410.0
chr14,93,410.0
chr14,94,410.0
chr14,95,410.0
chr14,96,410.0
chr14,97,410.0
chr14,98,410.0
chr14,99,411.0
chr14,100,411.0
chr14,101,412.0
chr14,102,412.0
chr14,103,412.0
chr14,104,412.0
chr14,105,413.0
chr14,106,414.0
chr14,107,414.0
chr14,108,414.0
chr14,109,414.0
chr14,110,414.0
chr14,111,414.0
chr14,112,414.0
chr14,113,415.0
chr14,114,415.0
chr14,115,415.0
chr14,116,415.0
chr14,117,415.0
chr14,118,415.0
chr14,119,415.0
chr14,120,415.0
chr14,121,415.0
chr14,122,415.0
chr14,123,415.0
chr14,124,415.0
chr15,3,416.0
chr15,4,416.0
chr15,5,416.0
chr15,6,416.0
chr15,7,417.0
chr15,8,417.0
chr15,9,418.0
chr15,10,419.0
chr15,11,420.0
chr15,12,421.0
chr15,13,422.0
chr15,14,422.0
chr15,15,422.0
chr15,16,422.0
chr15,17,422.0
chr15,18,422.0
chr15,19,422.0
chr15,20,422.0
chr15,21,422.0
chr15,22,422.0
chr15,23,422.0
chr15,24,422.0
chr15,25,422.0
chr15,26,422.0
chr15,27,422.0
chr15,28,422.0
chr15,29,422.0
chr15,30,422.0
chr15,31,422.0
chr15,32,422.0
chr15,33,422.0
chr15,34,423.0
chr15,35,423.0
chr15,36,423.0
chr15,37,423.0
chr15,38,423.0
chr15,39,423.0
chr15,40,424.0
chr15,41,424.0
chr15,42,424.0
chr15,43,424.0
chr15,44,424.0
chr15,45,424.0
chr15,46,424.0
chr15,47,424.0
chr15,48,424.0
chr15,49,424.0
chr15,50,424.0
chr15,51,424.0
chr15,52,424.0
chr15,53,424.0
chr15,54,424.0
chr15,55,424.0
chr15,56,424.0
chr15,57,424.0
chr15,58,425.0
chr15,59,425.0
chr15,60,426.0
chr15,61,426.0
chr15,62,426.0
chr15,63,426.0
chr15,64,426.0
chr15,65,426.0
chr15,66,426.0
chr15,67,426.0
chr15,68,426.0
chr15,69,426.0
chr15,70,426.0
chr15,71,426.0
chr15,72,426.0
chr15,73,427.0
chr15,74,427.0
chr15,75,427.0
chr15,76,427.0
chr15,77,427.0
chr15,78,427.0
chr15,79,427.0
chr15,80,427.0
chr15,81,427.0
chr15,82,427.0
chr15,83,427.0
chr15,84,427.0
chr15,85,427.0
chr15,86,427.0
chr15,87,428.0
chr15,88,429.0
chr15,89,429.0
chr15,90,430.0
chr15,91,430.0
chr15,92,430.0
chr15,93,430.0
chr15,94,430.0
chr15,95,430.0
chr15,96,431.0
chr15,97,431.0
chr15,98,431.0
chr15,99,431.0
chr15,100,431.0
chr15,101,431.0
chr15,102,431.0
chr15,103,431.0
chr16,3,432.0
chr16,4,432.0
chr16,5,432.0
chr16,6,432.0
chr16,7,432.0
chr16,8,432.0
chr16,9,432.0
chr16,10,432.0
chr16,11,432.0
chr16,12,432.0
chr16,13,432.0
chr16,14,432.0
chr16,15,432.0
chr16,16,432.0
chr16,17,432.0
chr16,18,432.0
chr16,19,433.0
chr16,20,434.0
chr16,21,434.0
chr16,22,434.0
chr16,23,434.0
chr16,24,434.0
chr16,25,435.0
chr16,26,435.0
chr16,27,435.0
chr16,28,435.0
chr16,29,436.0
chr16,30,436.0
chr16,31,436.0
chr16,32,436.0
chr16,33,436.0
chr16,34,436.0
chr16,35,436.0
chr16,36,436.0
chr16,37,437.0
chr16,38,438.0
chr16,39,439.0
chr16,40,439.0
chr16,41,439.0
chr16,42,439.0
chr16,43,439.0
chr16,44,440.0
chr16,45,441.0
chr16,46,441.0
chr16,47,441.0
chr16,48,441.0
chr16,49,441.0
chr16,50,441.0
chr16,51,441.0
chr16,52,441.0
chr16,53,441.0
chr16,54,441.0
chr16,55,441.0
chr16,56,441.0
chr16,57,441.0
chr16,58,441.0
chr16,59,441.0
chr16,60,441.0
chr16,61,441.0
chr16,62,441.0
chr16,63,441.0
chr16,64,441.0
chr16,65,441.0
chr16,66,441.0
chr16,67,441.0
chr16,68,441.0
chr16,69,441.0
chr16,70,441.0
chr16,71,441.0
chr16,72,441.0
chr16,73,441.0
chr16,74,441.0
chr16,75,441.0
chr16,76,441.0
chr16,77,441.0
chr16,78,441.0
chr16,79,441.0
chr16,80,441.0
chr16,81,441.0
chr16,82,441.0
chr16,83,441.0
chr16,84,441.0
chr16,85,441.0
chr16,86,441.0
chr16,87,441.0
chr16,88,441.0
chr16,89,441.0
chr16,90,442.0
chr16,91,442.0
chr16,92,442.0
chr16,93,442.0
chr16,94,442.0
chr16,95,442.0
chr16,96,442.0
chr16,97,442.0
chr17,3,443.0
chr17,4,443.0
chr17,5,444.0
chr17,6,444.0
chr17,7,444.0
chr17,8,444.0
chr17,9,445.0
chr17,10,446.0
chr17,11,446.0
chr17,12,446.0
chr17,13,446.0
chr17,14,446.0
chr17,15,446.0
chr17,16,447.0
chr17,17,447.0
chr17,18,447.0
chr17,19,447.0
chr17,20,447.0
chr17,21,447.0
chr17,22,447.0
chr17,23,448.0
chr17,24,448.0
chr17,25,448.0
chr17,26,448.0
chr17,27,448.0
chr17,28,448.0
chr17,29,448.0
chr17,30,448.0
chr17,31,448.0
chr17,32,448.0
chr17,33,448.0
chr17,34,448.0
chr17,35,448.0
chr17,36,449.0
chr17,37,449.0
chr17,38,449.0
chr17,39,449.0
chr17,40,449.0
chr17,41,449.0
chr17,42,449.0
chr17,43,449.0
chr17,44,449.0
chr17,45,450.0
chr17,46,450.0
chr17,47,450.0
chr17,48,450.0
chr17,49,451.0
chr17,50,451.0
chr17,51,451.0
chr17,52,451.0
chr17,53,451.0
chr17,54,451.0
chr17,55,451.0
chr17,56,452.0
chr17,57,453.0
chr17,58,453.0
chr17,59,453.0
chr17,60,453.0
chr17,61,453.0
chr17,62,453.0
chr17,63,453.0
chr17,64,453.0
chr17,65,453.0
chr17,66,453.0
chr17,67,453.0
chr17,68,453.0
chr17,69,453.0
chr17,70,453.0
chr17,71,454.0
chr17,72,455.0
chr17,73,455.0
chr17,74,456.0
chr17,75,457.0
chr17,76,457.0
chr17,77,457.0
chr17,78,457.0
chr17,79,457.0
chr17,80,458.0
chr17,81,459.0
chr17,82,459.0
chr17,83,459.0
chr17,84,460.0
chr17,85,460.0
chr17,86,460.0
chr17,87,460.0
chr17,88,461.0
chr17,89,461.0
chr17,90,461.0
chr17,91,461.0
chr17,92,461.0
chr17,93,461.0
chr17,94,461.0
chr18,3,462.0
chr18,4,462.0
chr18,5,463.0
chr18,6,463.0
chr18,7,464.0
chr18,8,464.0
chr18,9,464.0
chr18,10,465.0
chr18,11,465.0
chr18,12,465.0
chr18,13,466.0
chr18,14,467.0
chr18,15,468.0
chr18,16,468.0
chr18,17,468.0
chr18,18,468.0
chr18,19,468.0
chr18,20,469.0
chr18,21,470.0
chr18,22,470.0
chr18,23,470.0
chr18,24,471.0
chr18,25,472.0
chr18,26,472.0
chr18,27,472.0
chr18,28,472.0
chr18,29,472.0
chr18,30,472.0
chr18,31,473.0
chr18,32,473.0
chr18,33,473.0
chr18,34,473.0
chr18,35,473.0
chr18,36,473.0
chr18,37,473.0
chr18,38,473.0
chr18,39,474.0
chr18,40,474.0
chr18,41,474.0
chr18,42,475.0
chr18,43,476.0
chr18,44,476.0
chr18,45,476.0
chr18,46,477.0
chr18,47,478.0
chr18,48,478.0
chr18,49,478.0
chr18,50,478.0
chr18,51,478.0
chr18,52,478.0
chr18,53,479.0
chr18,54,480.0
chr18,55,480.0
chr18,56,481.0
chr18,57,482.0
chr18,58,482.0
chr18,59,482.0
chr18,60,483.0
chr18,61,483.0
chr18,62,484.0
chr18,63,485.0
chr18,64,485.0
chr18,65,485.0
chr18,66,485.0
chr18,67,485.0
chr18,68,485.0
chr18,69,486.0
chr18,70,486.0
chr18,71,486.0
chr18,72,486.0
chr18,73,486.0
chr18,74,487.0
chr18,75,487.0
chr18,76,487.0
chr18,77,487.0
chr18,78,488.0
chr18,79,488.0
chr18,80,489.0
chr18,81,489.0
chr18,82,489.0
chr18,83,490.0
chr18,84,491.0
chr18,85,492.0
chr18,86,492.0
chr18,87,492.0
chr18,88,492.0
chr18,89,492.0
chr18,90,492.0
chr19,3,493.0
chr19,4,493.0
chr19,5,493.0
chr19,6,493.0
chr19,7,493.0
chr19,8,494.0
chr19,9,494.0
chr19,10,495.0
chr19,11,496.0
chr19,12,496.0
chr19,13,496.0
chr19,14,496.0
chr19,15,496.0
chr19,16,496.0
chr19,17,496.0
chr19,18,496.0
chr19,19,496.0
chr19,20,496.0
chr19,21,496.0
chr19,22,496.0
chr19,23,497.0
chr19,24,497.0
chr19,25,498.0
chr19,26,498.0
chr19,27,498.0
chr19,28,498.0
chr19,29,499.0
chr19,30,500.0
chr19,31,500.0
chr19,32,501.0
chr19,33,502.0
chr19,34,502.0
chr19,35,502.0
chr19,36,502.0
chr19,37,503.0
chr19,38,503.0
chr19,39,504.0
chr19,40,505.0
chr19,41,505.0
chr19,42,505.0
chr19,43,505.0
chr19,44,505.0
chr19,45,505.0
chr19,46,505.0
chr19,47,505.0
chr19,48,506.0
chr19,49,506.0
chr19,50,506.0
chr19,51,506.0
chr19,52,506.0
chr19,53,507.0
chr19,54,508.0
chr19,55,509.0
chr19,56,509.0
chr19,57,509.0
chr19,58,510.0
chr19,59,510.0
chr19,60,510.0
chrX,5,511.0
chrX,6,511.0
chrX,7,511.0
chrX,8,511.0
chrX,9,511.0
chrX,10,511.0
chrX,11,511.0
chrX,12,511.0
chrX,13,511.0
chrX,14,511.0
chrX,15,512.0
chrX,16,513.0
chrX,17,513.0
chrX,18,513.0
chrX,19,513.0
chrX,20,513.0
chrX,21,513.0
chrX,22,513.0
chrX,23,513.0
chrX,36,514.0
chrX,37,514.0
chrX,38,514.0
chrX,39,515.0
chrX,40,515.0
chrX,41,516.0
chrX,42,516.0
chrX,43,516.0
chrX,44,517.0
chrX,45,517.0
chrX,46,517.0
chrX,47,518.0
chrX,48,518.0
chrX,49,518.0
chrX,50,518.0
chrX,51,518.0
chrX,52,518.0
chrX,53,518.0
chrX,56,519.0
chrX,57,519.0
chrX,58,519.0
chrX,59,519.0
chrX,60,519.0
chrX,61,520.0
chrX,62,520.0
chrX,63,520.0
chrX,64,520.0
chrX,65,520.0
chrX,66,520.0
chrX,67,520.0
chrX,68,521.0
chrX,69,521.0
chrX,70,521.0
chrX,71,521.0
chrX,72,521.0
chrX,73,521.0
chrX,74,521.0
chrX,75,521.0
chrX,76,522.0
chrX,77,523.0
chrX,78,524.0
chrX,79,524.0
chrX,80,524.0
chrX,81,524.0
chrX,82,524.0
chrX,83,524.0
chrX,84,524.0
chrX,85,525.0
chrX,86,526.0
chrX,87,526.0
chrX,88,526.0
chrX,89,526.0
chrX,90,526.0
chrX,91,526.0
chrX,92,526.0
chrX,93,527.0
chrX,94,527.0
chrX,95,527.0
chrX,96,528.0
chrX,97,528.0
chrX,98,529.0
chrX,99,529.0
chrX,100,529.0
chrX,101,529.0
chrX,102,529.0
chrX,103,529.0
chrX,104,529.0
chrX,105,529.0
chrX,106,530.0
chrX,107,530.0
chrX,108,530.0
chrX,109,530.0
chrX,110,530.0
chrX,111,530.0
chrX,112,530.0
chrX,113,530.0
chrX,114,530.0
chrX,115,530.0
chrX,116,530.0
chrX,117,530.0
chrX,118,530.0
chrX,119,530.0
chrX,120,530.0
chrX,121,530.0
chrX,122,530.0
chrX,126,531.0
chrX,127,531.0
chrX,128,531.0
chrX,129,531.0
chrX,130,532.0
chrX,131,533.0
chrX,132,533.0
chrX,133,533.0
chrX,134,534.0
chrX,135,534.0
chrX,136,534.0
chrX,137,535.0
chrX,138,535.0
chrX,139,536.0
chrX,140,536.0
chrX,141,537.0
chrX,142,538.0
chrX,143,539.0
chrX,144,540.0
chrX,145,541.0
chrX,146,541.0
chrX,147,541.0
chrX,150,542.0
chrX,151,542.0
chrX,152,542.0
chrX,153,542.0
chrX,154,543.0
chrX,155,543.0
chrX,156,543.0
chrX,157,543.0
chrX,158,543.0
chrX,159,544.0
chrX,160,544.0
chrX,161,545.0
chrX,162,546.0
chrX,163,546.0
chrX,164,547.0
chrX,165,547.0
chrX,166,548.0
chrX,167,549.0
chrX,168,549.0
chrX,169,550.0
chrY,0,551.0
chrY,1,552.0
chrY,2,553.0
chrY,3,554.0
chrY,4,555.0
chrY,5,555.0
chrY,6,555.0
chrY,7,556.0
chrY,8,556.0
chrY,9,557.0
chrY,10,558.0
chrY,11,559.0
chrY,12,559.0
chrY,13,560.0
chrY,14,560.0
chrY,15,561.0
chrY,16,561.0
chrY,17,561.0
chrY,20,562.0
chrY,21,562.0
chrY,22,563.0
chrY,23,563.0
chrY,28,564.0
chrY,29,565.0
chrY,30,565.0
chrY,31,565.0
chrY,32,566.0
chrY,33,566.0
chrY,34,566.0
chrY,35,567.0
chrY,36,567.0
chrY,37,567.0
chrY,38,568.0
chrY,39,569.0
chrY,40,569.0
chrY,41,569.0
chrY,42,570.0
chrY,43,571.0
chrY,44,572.0
chrY,45,573.0
chrY,46,573.0
chrY,47,574.0
chrY,57,575.0
chrY,58,576.0
chrY,59,576.0
chrY,67,577.0
chrY,68,578.0
chrY,69,579.0
chrY,70,579.0
chrY,71,579.0
chrY,72,579.0
chrY,73,579.0
chrY,74,579.0
chrY,75,580.0
chrY,76,581.0
chrY,78,582.0
chrY,79,583.0
chrY,80,583.0
chrY,81,583.0
chrY,82,583.0
chrY,83,584.0
chrY,84,585.0
chrY,85,585.0
chrY,86,585.0
chrY,87,586.0
chrY,88,587.0
chrY,89,588.0
chrY,90,588.0
